{
    "대분류":{
        "0":"전자제품",
        "1":"전자제품",
        "2":"전자제품",
        "3":"전자제품",
        "4":"의류",
        "5":"의류",
        "6":"의류",
        "7":"생활용품",
        "8":"생활용품",
        "9":"생활용품",
        "10":"도서",
        "11":"도서",
        "12":"스포츠",
        "13":"스포츠"
    },
    "소분류":{
        "0":"스마트폰",
        "1":"노트북",
        "2":"TV",
        "3":"이어폰",
        "4":"남성의류",
        "5":"여성의류",
        "6":"아동의류",
        "7":"주방용품",
        "8":"욕실용품",
        "9":"청소용품",
        "10":"소설",
        "11":"자기계발서",
        "12":"운동기구",
        "13":"스포츠의류"
    },
    "매출액":{
        "0":5500,
        "1":4200,
        "2":3800,
        "3":2100,
        "4":3200,
        "5":4800,
        "6":1900,
        "7":2400,
        "8":1600,
        "9":1200,
        "10":800,
        "11":1200,
        "12":2200,
        "13":1800
    },
    "판매량":{
        "0":1200,
        "1":350,
        "2":180,
        "3":850,
        "4":640,
        "5":960,
        "6":320,
        "7":480,
        "8":320,
        "9":240,
        "10":400,
        "11":300,
        "12":110,
        "13":180
    },
    "단위당_매출":{
        "0":4.5833333333,
        "1":12.0,
        "2":21.1111111111,
        "3":2.4705882353,
        "4":5.0,
        "5":5.0,
        "6":5.9375,
        "7":5.0,
        "8":5.0,
        "9":5.0,
        "10":2.0,
        "11":4.0,
        "12":20.0,
        "13":10.0
    }
}
